frame_number,timestamp,detected,raw_score,avg_score,latency_ms,resized
1,2026-09-23T22:49:25.373251,False,,,21.20,True
2,2026-09-23T22:49:25.435504,False,,,17.52,True
3,2026-09-23T22:49:25.470042,False,,,18.52,True
4,2026-09-23T22:49:25.500626,False,,,17.52,True
5,2026-09-23T22:49:25.530670,False,,,17.54,True
6,2026-09-23T22:49:25.563953,False,,,17.76,True
7,2026-09-23T22:49:25.592027,False,,,18.02,True
8,2026-09-23T22:49:25.627673,False,,,17.56,True
9,2026-09-23T22:49:25.659225,False,,,22.03,True
10,2026-09-23T22:49:25.703211,False,,,17.90,True
11,2026-09-23T22:49:25.731886,False,,,17.52,True
12,2026-09-23T22:49:25.765661,False,,,18.02,True
13,2026-09-23T22:49:25.795189,False,,,17.02,True
14,2026-09-23T22:49:25.827212,False,,,17.01,True
15,2026-09-23T22:49:25.858307,False,,,19.08,True
16,2026-09-23T22:49:25.900396,False,,,17.52,True
17,2026-09-23T22:49:25.931586,False,,,17.54,True
18,2026-09-23T22:49:25.963642,False,,,17.52,True
19,2026-09-23T22:49:25.996206,False,,,18.03,True
20,2026-09-23T22:49:26.028064,False,,,17.62,True
21,2026-09-23T22:49:26.056947,False,,,17.87,True
22,2026-09-23T22:49:26.092109,False,,,18.02,True
23,2026-09-23T22:49:26.135147,False,,,18.07,True
24,2026-09-23T22:49:26.166383,False,,,18.13,True
25,2026-09-23T22:49:26.196467,False,,,17.58,True
26,2026-09-23T22:49:26.237130,False,,,18.06,True
27,2026-09-23T22:49:26.276373,False,,,18.06,True
28,2026-09-23T22:49:26.307478,False,,,17.52,True
29,2026-09-23T22:49:26.338085,False,,,18.02,True
30,2026-09-23T22:49:26.368683,False,,,18.02,True
31,2026-09-23T22:49:26.400726,False,,,17.52,True
32,2026-09-23T22:49:26.433035,False,,,17.52,True
33,2026-09-23T22:49:26.463220,False,,,18.51,True
34,2026-09-23T22:49:26.493246,False,,,18.02,True
35,2026-09-23T22:49:26.522918,False,,,17.07,True
36,2026-09-23T22:49:26.555611,False,,,17.52,True
37,2026-09-23T22:49:26.583156,False,,,18.02,True
38,2026-09-23T22:49:26.635022,False,,,17.52,True
39,2026-09-23T22:49:26.676624,False,,,17.54,True
40,2026-09-23T22:49:26.708700,False,,,17.56,True
41,2026-09-23T22:49:26.739008,False,,,17.52,True
42,2026-09-23T22:49:26.771054,False,,,18.01,True
43,2026-09-23T22:49:26.803690,False,,,18.60,True
44,2026-09-23T22:49:26.833421,False,,,18.07,True
45,2026-09-23T22:49:26.865004,False,,,20.07,True
46,2026-09-23T22:49:26.893075,False,,,17.01,True
47,2026-09-23T22:49:26.927234,False,,,18.53,True
48,2026-09-23T22:49:26.957208,False,,,17.96,True
49,2026-09-23T22:49:26.988991,False,,,17.52,True
50,2026-09-23T22:49:27.037198,False,,,18.03,True
51,2026-09-23T22:49:27.067731,False,,,20.02,True
52,2026-09-23T22:49:27.102971,False,,,19.72,True
53,2026-09-23T22:49:27.142066,False,,,18.01,True
54,2026-09-23T22:49:27.175152,False,,,18.06,True
55,2026-09-23T22:49:27.206689,False,,,17.53,True
56,2026-09-23T22:49:27.237211,False,,,17.52,True
57,2026-09-23T22:49:27.266724,False,,,18.02,True
58,2026-09-23T22:49:27.298785,False,,,18.05,True
59,2026-09-23T22:49:27.330913,False,,,17.61,True
60,2026-09-23T22:49:27.373611,False,,,18.51,True
61,2026-09-23T22:49:27.406893,False,,,17.72,True
62,2026-09-23T22:49:27.438104,False,,,17.02,True
63,2026-09-23T22:49:27.470446,False,,,18.81,True
64,2026-09-23T22:49:27.501722,False,,,17.51,True
65,2026-09-23T22:49:27.533309,False,,,19.02,True
66,2026-09-23T22:49:27.564987,False,,,17.52,True
67,2026-09-23T22:49:27.594089,False,,,18.07,True
68,2026-09-23T22:49:27.627213,False,,,18.02,True
69,2026-09-23T22:49:27.656984,False,,,17.76,True
70,2026-09-23T22:49:27.691376,False,,,17.02,True
71,2026-09-23T22:49:27.735277,False,,,18.02,True
72,2026-09-23T22:49:27.773126,False,,,18.07,True
73,2026-09-23T22:49:27.811707,False,,,17.52,True
74,2026-09-23T22:49:27.843237,False,,,18.02,True
75,2026-09-23T22:49:27.875110,False,,,18.15,True
76,2026-09-23T22:49:27.907253,False,,,18.13,True
77,2026-09-23T22:49:27.935323,False,,,17.52,True
78,2026-09-23T22:49:27.965861,False,,,18.03,True
79,2026-09-23T22:49:27.997393,False,,,18.02,True
80,2026-09-23T22:49:28.029012,False,,,18.53,True
81,2026-09-23T22:49:28.060096,False,,,18.07,True
82,2026-09-23T22:49:28.107714,False,,,17.54,True
83,2026-09-23T22:49:28.141245,False,,,17.02,True
84,2026-09-23T22:49:28.174494,True,0.246,0.246,17.51,True
85,2026-09-23T22:49:28.215570,True,0.246,0.246,18.03,True
86,2026-09-23T22:49:28.246547,False,,,17.47,True
87,2026-09-23T22:49:28.278085,False,,,18.02,True
88,2026-09-23T22:49:28.308649,False,,,17.55,True
89,2026-09-23T22:49:28.348127,False,,,17.52,True
90,2026-09-23T22:49:28.386249,False,,,18.06,True
91,2026-09-23T22:49:28.415926,False,,,17.56,True
92,2026-09-23T22:49:28.445480,False,,,17.50,True
93,2026-09-23T22:49:28.484015,False,,,24.53,True
94,2026-09-23T22:49:28.524049,False,,,17.51,True
95,2026-09-23T22:49:28.559106,False,,,18.04,True
96,2026-09-23T22:49:28.601696,False,,,16.51,True
97,2026-09-23T22:49:28.634901,False,,,17.53,True
98,2026-09-23T22:49:28.662964,True,0.156,0.216,17.01,True
99,2026-09-23T22:49:28.693534,True,0.156,0.201,17.15,True
100,2026-09-23T22:49:28.724242,True,0.211,0.203,17.02,True
101,2026-09-23T22:49:28.758276,True,0.211,0.196,17.02,True
102,2026-09-23T22:49:28.791316,True,0.230,0.193,18.02,True
103,2026-09-23T22:49:28.818521,True,0.230,0.208,17.03,True
104,2026-09-23T22:49:28.851049,True,0.301,0.237,18.01,True
105,2026-09-23T22:49:28.881584,True,0.301,0.255,18.02,True
106,2026-09-23T22:49:28.915695,True,0.199,0.252,17.60,True
107,2026-09-23T22:49:28.945220,True,0.199,0.246,18.02,True
108,2026-09-23T22:49:28.974047,True,0.199,0.240,17.01,True
109,2026-09-23T22:49:29.007588,True,0.211,0.222,16.52,True
110,2026-09-23T22:49:29.040145,False,,,17.07,True
111,2026-09-23T22:49:29.080693,False,,,16.51,True
112,2026-09-23T22:49:29.111796,True,0.230,0.208,16.59,True
113,2026-09-23T22:49:29.144325,True,0.230,0.214,17.02,True
114,2026-09-23T22:49:29.176360,True,0.211,0.216,19.02,True
115,2026-09-23T22:49:29.206902,True,0.211,0.219,17.24,True
116,2026-09-23T22:49:29.243018,True,0.168,0.210,17.01,True
117,2026-09-23T22:49:29.280691,True,0.168,0.198,17.13,True
118,2026-09-23T22:49:29.313967,True,0.230,0.198,16.52,True
119,2026-09-23T22:49:29.341231,True,0.230,0.202,16.75,True
120,2026-09-23T22:49:29.374303,True,0.230,0.205,17.05,True
121,2026-09-23T22:49:29.408296,True,0.262,0.224,16.97,True
122,2026-09-23T22:49:29.440313,True,0.156,0.222,17.02,True
123,2026-09-23T22:49:29.481861,True,0.156,0.207,17.01,True
124,2026-09-23T22:49:29.513308,True,0.320,0.225,17.02,True
125,2026-09-23T22:49:29.544031,True,0.320,0.243,17.05,True
126,2026-09-23T22:49:29.579064,True,0.387,0.268,17.02,True
127,2026-09-23T22:49:29.624280,True,0.387,0.314,17.06,True
128,2026-09-23T22:49:29.656305,True,0.406,0.364,17.01,True
129,2026-09-23T22:49:29.697859,True,0.406,0.381,17.02,True
130,2026-09-23T22:49:29.729034,True,0.406,0.398,17.62,True
131,2026-09-23T22:49:29.757170,True,0.246,0.370,17.13,True
132,2026-09-23T22:49:29.797562,True,0.246,0.342,22.53,True
133,2026-09-23T22:49:29.834340,True,0.301,0.321,17.02,True
134,2026-09-23T22:49:29.864879,True,0.363,0.312,17.02,True
135,2026-09-23T22:49:29.899915,True,0.363,0.304,16.57,True
136,2026-09-23T22:49:29.926982,True,0.387,0.332,17.52,True
137,2026-09-23T22:49:29.960035,True,0.387,0.360,17.04,True
138,2026-09-23T22:49:29.991097,True,0.262,0.352,17.02,True
139,2026-09-23T22:49:30.023359,True,0.262,0.332,17.01,True
140,2026-09-23T22:49:30.053230,True,0.477,0.355,17.02,True
141,2026-09-23T22:49:30.081780,True,0.477,0.373,17.52,True
142,2026-09-23T22:49:30.111809,True,0.477,0.391,16.52,True
143,2026-09-23T22:49:30.144850,True,0.387,0.416,16.52,True
144,2026-09-23T22:49:30.175927,True,0.387,0.441,17.55,True
145,2026-09-23T22:49:30.207408,True,0.523,0.450,17.36,True
146,2026-09-23T22:49:30.239973,True,0.320,0.419,17.03,True
147,2026-09-23T22:49:30.273558,True,0.320,0.388,16.55,True
148,2026-09-23T22:49:30.315143,True,0.184,0.347,17.54,True
149,2026-09-23T22:49:30.351030,True,0.184,0.306,18.01,True
150,2026-09-23T22:49:30.381698,False,,,18.57,True
151,2026-09-23T22:49:30.411829,False,,,16.62,True
152,2026-09-23T22:49:30.444377,False,,,17.02,True
153,2026-09-23T22:49:30.474241,False,,,17.02,True
154,2026-09-23T22:49:30.508903,False,,,17.64,True
155,2026-09-23T22:49:30.541494,False,,,17.53,True
156,2026-09-23T22:49:30.584320,False,,,18.28,True
157,2026-09-23T22:49:30.613222,False,,,16.85,True
158,2026-09-23T22:49:30.644284,False,,,17.02,True
159,2026-09-23T22:49:30.675373,False,,,18.08,True
160,2026-09-23T22:49:30.716077,False,,,16.68,True
161,2026-09-23T22:49:30.751408,False,,,16.27,True
162,2026-09-23T22:49:30.782950,False,,,17.01,True
163,2026-09-23T22:49:30.814499,False,,,17.02,True
164,2026-09-23T22:49:30.846069,False,,,17.06,True
165,2026-09-23T22:49:30.876318,False,,,17.24,True
166,2026-09-23T22:49:30.907721,False,,,16.57,True
167,2026-09-23T22:49:30.940363,False,,,17.02,True
168,2026-09-23T22:49:30.972066,False,,,17.06,True
169,2026-09-23T22:49:31.001427,False,,,16.32,True
170,2026-09-23T22:49:31.052912,False,,,17.52,True
171,2026-09-23T22:49:31.094185,False,,,17.20,True
172,2026-09-23T22:49:31.131734,False,,,22.03,True
173,2026-09-23T22:49:31.174051,False,,,17.03,True
174,2026-09-23T22:49:31.201590,False,,,16.53,True
175,2026-09-23T22:49:31.233050,False,,,17.51,True
176,2026-09-23T22:49:31.261088,False,,,17.01,True
177,2026-09-23T22:49:31.291231,True,0.168,0.235,17.01,True
178,2026-09-23T22:49:31.327121,True,0.168,0.205,17.46,True
179,2026-09-23T22:49:31.358381,False,,,17.14,True
180,2026-09-23T22:49:31.389936,False,,,17.04,True
181,2026-09-23T22:49:31.429138,False,,,17.05,True
182,2026-09-23T22:49:31.466034,True,0.230,0.187,17.52,True
183,2026-09-23T22:49:31.496296,True,0.230,0.196,17.76,True
184,2026-09-23T22:49:31.527117,True,0.301,0.220,16.52,True
185,2026-09-23T22:49:31.558118,True,0.301,0.246,16.99,True
186,2026-09-23T22:49:31.592162,True,0.301,0.273,18.01,True
187,2026-09-23T22:49:31.616703,False,,,17.02,True
188,2026-09-23T22:49:31.650281,False,,,17.06,True
189,2026-09-23T22:49:31.681826,False,,,17.52,True
190,2026-09-23T22:49:31.712999,False,,,16.66,True
191,2026-09-23T22:49:31.743531,False,,,16.52,True
192,2026-09-23T22:49:31.777161,False,,,17.03,True
193,2026-09-23T22:49:31.808745,True,0.301,0.287,17.57,True
194,2026-09-23T22:49:31.853904,True,0.246,0.290,17.52,True
195,2026-09-23T22:49:31.885005,True,0.246,0.279,17.07,True
196,2026-09-23T22:49:31.917838,True,0.246,0.268,18.30,True
197,2026-09-23T22:49:31.947531,True,0.246,0.257,16.68,True
198,2026-09-23T22:49:31.979096,True,0.246,0.246,16.05,True
199,2026-09-23T22:49:32.009061,True,0.262,0.249,16.95,True
200,2026-09-23T22:49:32.041126,True,0.262,0.252,17.01,True
201,2026-09-23T22:49:32.076173,True,0.281,0.259,17.02,True
202,2026-09-23T22:49:32.108862,True,0.281,0.266,17.67,True
203,2026-09-23T22:49:32.141194,True,0.301,0.277,16.56,True
204,2026-09-23T22:49:32.183342,True,0.301,0.285,17.52,True
205,2026-09-23T22:49:32.215073,True,0.199,0.273,16.66,True
206,2026-09-23T22:49:32.252119,False,,,17.01,True
207,2026-09-23T22:49:32.291798,False,,,16.43,True
208,2026-09-23T22:49:32.324368,False,,,17.58,True
209,2026-09-23T22:49:32.358116,False,,,16.52,True
210,2026-09-23T22:49:32.400395,False,,,17.24,True
211,2026-09-23T22:49:32.436193,False,,,21.19,True
212,2026-09-23T22:49:32.478232,False,,,17.02,True
213,2026-09-23T22:49:32.509792,False,,,17.55,True
214,2026-09-23T22:49:32.588952,False,,,17.02,True
215,2026-09-23T22:49:32.652033,False,,,17.01,True
216,2026-09-23T22:49:32.680730,False,,,17.52,True
217,2026-09-23T22:49:32.713829,False,,,19.53,True
218,2026-09-23T22:49:32.742349,False,,,17.01,True
219,2026-09-23T22:49:32.776219,False,,,17.21,True
220,2026-09-23T22:49:32.808751,False,,,17.52,True
221,2026-09-23T22:49:32.849802,False,,,16.51,True
222,2026-09-23T22:49:32.880837,False,,,17.01,True
223,2026-09-23T22:49:32.911769,False,,,17.38,True
224,2026-09-23T22:49:32.944807,False,,,17.52,True
225,2026-09-23T22:49:32.975362,False,,,17.03,True
226,2026-09-23T22:49:33.009013,False,,,17.64,True
227,2026-09-23T22:49:33.042145,False,,,18.01,True
228,2026-09-23T22:49:33.069267,False,,,17.56,True
229,2026-09-23T22:49:33.101819,False,,,16.52,True
230,2026-09-23T22:49:33.131862,False,,,17.01,True
231,2026-09-23T22:49:33.163906,False,,,17.53,True
232,2026-09-23T22:49:33.194961,False,,,17.02,True
233,2026-09-23T22:49:33.227200,False,,,17.10,True
234,2026-09-23T22:49:33.259235,False,,,17.02,True
235,2026-09-23T22:49:33.293315,False,,,18.02,True
236,2026-09-23T22:49:33.325161,False,,,17.12,True
237,2026-09-23T22:49:33.353188,False,,,18.01,True
238,2026-09-23T22:49:33.391280,False,,,17.52,True
239,2026-09-23T22:49:33.430605,False,,,17.52,True
240,2026-09-23T22:49:33.461157,False,,,17.01,True
241,2026-09-23T22:49:33.491223,False,,,17.02,True
242,2026-09-23T22:49:33.527366,False,,,16.52,True
243,2026-09-23T22:49:33.575988,False,,,17.07,True
244,2026-09-23T22:49:33.614571,False,,,17.02,True
245,2026-09-23T22:49:33.645600,False,,,16.52,True
246,2026-09-23T22:49:33.678226,False,,,17.02,True
247,2026-09-23T22:49:33.709762,False,,,16.52,True
248,2026-09-23T22:49:33.741373,False,,,17.01,True
249,2026-09-23T22:49:33.775272,False,,,17.07,True
250,2026-09-23T22:49:33.816846,False,,,17.05,True
251,2026-09-23T22:49:33.851618,False,,,16.25,True
252,2026-09-23T22:49:33.894181,False,,,17.02,True
253,2026-09-23T22:49:33.935228,False,,,25.54,True
254,2026-09-23T22:49:33.980524,False,,,17.58,True
255,2026-09-23T22:49:34.018594,False,,,18.02,True
256,2026-09-23T22:49:34.050640,False,,,16.53,True
257,2026-09-23T22:49:34.079237,False,,,17.09,True
258,2026-09-23T22:49:34.109778,False,,,16.52,True
259,2026-09-23T22:49:34.142205,False,,,16.29,True
260,2026-09-23T22:49:34.176242,True,0.211,0.259,17.02,True
261,2026-09-23T22:49:34.218306,True,0.211,0.245,17.03,True
262,2026-09-23T22:49:34.251895,True,0.281,0.241,17.52,True
263,2026-09-23T22:49:34.281448,True,0.281,0.237,17.51,True
264,2026-09-23T22:49:34.310498,True,0.344,0.266,16.54,True
265,2026-09-23T22:49:34.343163,True,0.344,0.292,17.02,True
266,2026-09-23T22:49:34.375381,True,0.344,0.319,17.10,True
267,2026-09-23T22:49:34.409256,True,0.344,0.331,17.26,True
268,2026-09-23T22:49:34.442284,True,0.406,0.356,17.01,True
269,2026-09-23T22:49:34.492324,True,0.406,0.369,17.01,True
270,2026-09-23T22:49:34.530808,True,0.523,0.405,17.54,True
271,2026-09-23T22:49:34.589051,True,0.387,0.413,17.07,True
272,2026-09-23T22:49:34.624692,True,0.387,0.422,17.61,True
273,2026-09-23T22:49:34.659275,True,0.453,0.431,17.02,True
274,2026-09-23T22:49:34.702887,True,0.453,0.441,17.53,True
275,2026-09-23T22:49:34.733226,True,0.363,0.409,17.31,True
276,2026-09-23T22:49:34.763293,True,0.363,0.404,17.01,True
277,2026-09-23T22:49:34.796352,True,0.406,0.408,18.02,True
278,2026-09-23T22:49:34.827402,True,0.406,0.398,17.53,True
279,2026-09-23T22:49:34.859911,True,0.406,0.389,17.02,True
280,2026-09-23T22:49:34.897164,True,0.406,0.398,17.21,True
281,2026-09-23T22:49:34.946357,True,0.406,0.406,19.02,True
282,2026-09-23T22:49:34.985910,True,0.406,0.406,17.02,True
283,2026-09-23T22:49:35.027463,True,0.363,0.398,17.52,True
284,2026-09-23T22:49:35.059256,True,0.363,0.389,17.25,True
285,2026-09-23T22:49:35.088296,True,0.320,0.372,17.02,True
286,2026-09-23T22:49:35.121439,True,0.320,0.355,16.52,True
287,2026-09-23T22:49:35.153320,True,0.363,0.346,16.86,True
288,2026-09-23T22:49:35.183343,True,0.363,0.346,17.51,True
289,2026-09-23T22:49:35.215885,True,0.363,0.346,17.03,True
290,2026-09-23T22:49:35.247247,True,0.363,0.355,17.53,True
291,2026-09-23T22:49:35.279297,True,0.344,0.359,18.02,True
292,2026-09-23T22:49:35.309632,True,0.344,0.355,17.32,True
293,2026-09-23T22:49:35.339229,True,0.344,0.352,17.05,True
294,2026-09-23T22:49:35.372307,True,0.344,0.348,17.05,True
295,2026-09-23T22:49:35.411609,True,0.430,0.361,20.27,True
296,2026-09-23T22:49:35.450663,True,0.430,0.378,17.52,True
297,2026-09-23T22:49:35.480691,True,0.301,0.370,17.52,True
298,2026-09-23T22:49:35.511350,True,0.301,0.361,16.54,True
299,2026-09-23T22:49:35.545531,True,0.387,0.370,17.53,True
300,2026-09-23T22:49:35.574353,True,0.387,0.361,17.02,True
301,2026-09-23T22:49:35.606387,True,0.344,0.344,17.02,True
302,2026-09-23T22:49:35.638430,True,0.344,0.352,17.53,True
303,2026-09-23T22:49:35.668970,True,0.344,0.361,17.52,True
304,2026-09-23T22:49:35.698519,True,0.344,0.352,17.02,True
305,2026-09-23T22:49:35.730555,True,0.301,0.335,17.52,True
306,2026-09-23T22:49:35.765521,True,0.301,0.327,21.03,True
307,2026-09-23T22:49:35.795553,True,0.430,0.344,20.52,True
308,2026-09-23T22:49:35.823154,True,0.430,0.361,17.57,True
309,2026-09-23T22:49:35.867818,True,0.523,0.397,17.56,True
310,2026-09-23T22:49:35.903377,True,0.523,0.441,18.03,True
311,2026-09-23T22:49:35.933923,True,0.363,0.454,18.52,True
312,2026-09-23T22:49:35.965018,True,0.363,0.441,17.57,True
313,2026-09-23T22:49:35.996088,True,0.230,0.401,17.04,True
314,2026-09-23T22:49:36.028125,True,0.230,0.342,17.52,True
315,2026-09-23T22:49:36.060312,True,0.184,0.274,17.18,True
316,2026-09-23T22:49:36.091336,True,0.184,0.238,18.02,True
317,2026-09-23T22:49:36.125390,False,,,19.04,True
318,2026-09-23T22:49:36.169169,False,,,17.57,True
319,2026-09-23T22:49:36.200781,False,,,17.58,True
320,2026-09-23T22:49:36.230815,False,,,17.52,True
321,2026-09-23T22:49:36.268153,False,,,17.52,True
322,2026-09-23T22:49:36.308767,False,,,17.58,True
323,2026-09-23T22:49:36.342940,False,,,20.52,True
324,2026-09-23T22:49:36.383036,False,,,17.03,True
325,2026-09-23T22:49:36.415353,False,,,17.78,True
326,2026-09-23T22:49:36.445903,False,,,17.52,True
327,2026-09-23T22:49:36.478451,False,,,17.54,True
328,2026-09-23T22:49:36.510490,False,,,17.52,True
329,2026-09-23T22:49:36.542058,False,,,17.01,True
330,2026-09-23T22:49:36.571738,False,,,16.51,True
331,2026-09-23T22:49:36.605295,False,,,18.03,True
332,2026-09-23T22:49:36.635334,False,,,17.99,True
333,2026-09-23T22:49:36.667947,False,,,17.52,True
334,2026-09-23T22:49:36.699103,False,,,18.52,True
335,2026-09-23T22:49:36.730698,False,,,17.53,True
336,2026-09-23T22:49:36.761235,False,,,18.02,True
337,2026-09-23T22:49:36.795277,False,,,18.02,True
338,2026-09-23T22:49:36.839119,False,,,18.05,True
339,2026-09-23T22:49:36.868691,False,,,18.02,True
340,2026-09-23T22:49:36.898445,False,,,17.75,True
341,2026-09-23T22:49:36.931090,False,,,18.06,True
342,2026-09-23T22:49:36.960867,False,,,17.63,True
343,2026-09-23T22:49:37.005554,False,,,17.55,True
344,2026-09-23T22:49:37.034402,False,,,17.52,True
345,2026-09-23T22:49:37.068936,False,,,17.52,True
346,2026-09-23T22:49:37.099556,False,,,17.58,True
347,2026-09-23T22:49:37.133096,False,,,17.02,True
348,2026-09-23T22:49:37.161140,False,,,17.01,True
349,2026-09-23T22:49:37.196203,False,,,17.02,True
350,2026-09-23T22:49:37.223980,False,,,17.03,True
351,2026-09-23T22:49:37.262030,False,,,20.04,True
352,2026-09-23T22:49:37.304568,False,,,19.52,True
353,2026-09-23T22:49:37.333299,False,,,17.85,True
354,2026-09-23T22:49:37.364891,False,,,17.58,True
355,2026-09-23T22:49:37.403946,False,,,18.02,True
356,2026-09-23T22:49:37.441123,False,,,17.01,True
357,2026-09-23T22:49:37.474525,False,,,17.56,True
358,2026-09-23T22:49:37.506093,False,,,18.02,True
359,2026-09-23T22:49:37.536251,False,,,17.07,True
360,2026-09-23T22:49:37.567787,False,,,18.02,True
361,2026-09-23T22:49:37.600822,False,,,17.52,True
362,2026-09-23T22:49:37.630863,False,,,17.53,True
363,2026-09-23T22:49:37.661942,False,,,17.56,True
364,2026-09-23T22:49:37.693505,False,,,17.52,True
365,2026-09-23T22:49:37.740036,False,,,18.07,True
366,2026-09-23T22:49:37.772241,False,,,17.17,True
367,2026-09-23T22:49:37.803996,False,,,17.52,True
368,2026-09-23T22:49:37.834230,False,,,17.15,True
369,2026-09-23T22:49:37.867896,False,,,17.53,True
370,2026-09-23T22:49:37.896419,False,,,17.52,True
371,2026-09-23T22:49:37.931845,False,,,18.02,True
372,2026-09-23T22:49:37.974939,False,,,18.56,True
373,2026-09-23T22:49:38.006120,False,,,18.02,True
374,2026-09-23T22:49:38.037432,False,,,17.98,True
375,2026-09-23T22:49:38.067989,False,,,18.54,True
376,2026-09-23T22:49:38.098543,False,,,18.03,True
377,2026-09-23T22:49:38.140230,False,,,18.07,True
378,2026-09-23T22:49:38.174956,False,,,18.00,True
379,2026-09-23T22:49:38.205911,False,,,17.52,True
380,2026-09-23T22:49:38.238488,False,,,17.41,True
381,2026-09-23T22:49:38.270057,False,,,17.55,True
382,2026-09-23T22:49:38.303127,False,,,18.02,True
383,2026-09-23T22:49:38.333000,False,,,18.02,True
384,2026-09-23T22:49:38.363062,False,,,17.02,True
385,2026-09-23T22:49:38.397685,False,,,19.53,True
386,2026-09-23T22:49:38.432070,False,,,22.87,True
387,2026-09-23T22:49:38.476271,False,,,18.02,True
388,2026-09-23T22:49:38.505294,False,,,18.01,True
389,2026-09-23T22:49:38.547592,False,,,17.10,True
390,2026-09-23T22:49:38.581952,False,,,17.74,True
391,2026-09-23T22:49:38.616077,False,,,18.61,True
392,2026-09-23T22:49:38.645509,False,,,17.40,True
393,2026-09-23T22:49:38.675540,False,,,17.52,True
394,2026-09-23T22:49:38.708400,False,,,18.03,True
395,2026-09-23T22:49:38.739300,False,,,18.04,True
396,2026-09-23T22:49:38.768663,False,,,18.02,True
397,2026-09-23T22:49:38.801699,False,,,18.52,True
398,2026-09-23T22:49:38.829912,False,,,18.20,True
399,2026-09-23T22:49:38.875640,False,,,18.51,True
400,2026-09-23T22:49:38.907195,False,,,18.03,True
401,2026-09-23T22:49:38.940359,False,,,18.02,True
402,2026-09-23T22:49:38.968903,False,,,18.03,True
403,2026-09-23T22:49:39.003370,False,,,18.43,True
404,2026-09-23T22:49:39.030544,False,,,17.49,True
405,2026-09-23T22:49:39.067816,False,,,17.52,True
406,2026-09-23T22:49:39.107353,False,,,17.02,True
407,2026-09-23T22:49:39.141202,False,,,17.53,True
408,2026-09-23T22:49:39.172274,False,,,17.06,True
409,2026-09-23T22:49:39.211831,False,,,17.53,True
410,2026-09-23T22:49:39.248889,False,,,18.03,True
411,2026-09-23T22:49:39.285210,False,,,19.13,True
412,2026-09-23T22:49:39.410669,False,,,45.60,True
413,2026-09-23T22:49:39.549555,False,,,60.41,True
414,2026-09-23T22:49:39.686955,False,,,44.69,True
415,2026-09-23T22:49:39.813824,False,,,49.62,True
416,2026-09-23T22:49:39.920875,False,,,60.51,True
417,2026-09-23T22:49:40.019449,False,,,19.79,True
418,2026-09-23T22:49:40.157388,False,,,48.18,True
419,2026-09-23T22:49:40.267100,False,,,49.11,True
420,2026-09-23T22:49:40.346318,False,,,19.02,True
421,2026-09-23T22:49:40.454072,False,,,18.06,True
422,2026-09-23T22:49:40.579340,False,,,46.09,True
423,2026-09-23T22:49:40.710320,False,,,54.22,True
424,2026-09-23T22:49:40.784571,False,,,17.17,True
425,2026-09-23T22:49:40.909755,False,,,47.55,True
426,2026-09-23T22:49:40.990144,False,,,19.02,True
427,2026-09-23T22:49:41.129013,False,,,63.39,True
428,2026-09-23T22:49:41.252984,False,,,46.63,True
429,2026-09-23T22:49:41.377102,False,,,43.14,True
430,2026-09-23T22:49:41.502949,False,,,48.86,True
431,2026-09-23T22:49:41.642348,False,,,60.74,True
432,2026-09-23T22:49:41.771200,False,,,50.21,True
433,2026-09-23T22:49:41.887262,False,,,41.88,True
434,2026-09-23T22:49:42.017263,False,,,46.10,True
435,2026-09-23T22:49:42.163110,False,,,53.11,True
436,2026-09-23T22:49:42.271854,False,,,21.01,True
437,2026-09-23T22:49:42.384066,False,,,39.71,True
438,2026-09-23T22:49:42.501455,False,,,51.69,True
439,2026-09-23T22:49:42.637143,False,,,48.14,True
440,2026-09-23T22:49:42.756740,False,,,43.67,True
441,2026-09-23T22:49:42.886155,False,,,47.12,True
442,2026-09-23T22:49:42.996231,False,,,18.02,True
443,2026-09-23T22:49:43.119158,False,,,46.08,True
444,2026-09-23T22:49:43.226921,False,,,46.09,True
445,2026-09-23T22:49:43.344169,False,,,23.03,True
446,2026-09-23T22:49:43.466836,False,,,51.54,True
447,2026-09-23T22:49:43.568846,False,,,45.56,True
448,2026-09-23T22:49:43.709985,False,,,60.67,True
449,2026-09-23T22:49:43.844973,False,,,56.63,True
450,2026-09-23T22:49:43.964215,False,,,51.14,True
451,2026-09-23T22:49:44.073008,False,,,49.67,True
452,2026-09-23T22:49:44.185112,False,,,53.30,True
453,2026-09-23T22:49:44.303986,False,,,47.77,True
454,2026-09-23T22:49:44.401700,False,,,21.53,True
455,2026-09-23T22:49:44.533341,False,,,60.41,True
456,2026-09-23T22:49:44.651400,False,,,55.24,True
457,2026-09-23T22:49:44.769198,False,,,50.63,True
458,2026-09-23T22:49:44.879238,False,,,51.89,True
459,2026-09-23T22:49:45.000186,False,,,48.64,True
460,2026-09-23T22:49:45.127920,False,,,49.64,True
461,2026-09-23T22:49:45.255242,False,,,52.08,True
462,2026-09-23T22:49:45.377012,False,,,48.33,True
463,2026-09-23T22:49:45.507115,False,,,52.99,True
464,2026-09-23T22:49:45.651434,False,,,55.30,True
465,2026-09-23T22:49:45.771977,False,,,53.92,True
466,2026-09-23T22:49:45.893347,False,,,50.18,True
467,2026-09-23T22:49:46.004143,False,,,52.69,True
468,2026-09-23T22:49:46.117978,False,,,57.07,True
469,2026-09-23T22:49:46.246391,False,,,61.06,True
470,2026-09-23T22:49:46.372158,False,,,50.10,True
471,2026-09-23T22:49:46.506956,False,,,44.70,True
472,2026-09-23T22:49:46.613821,False,,,40.12,True
473,2026-09-23T22:49:46.709386,False,,,27.21,True
474,2026-09-23T22:49:46.856246,False,,,64.58,True
475,2026-09-23T22:49:46.908342,False,,,17.01,True
476,2026-09-23T22:49:46.937381,False,,,17.53,True
477,2026-09-23T22:49:46.963907,False,,,16.52,True
478,2026-09-23T22:49:47.000513,False,,,16.02,True
479,2026-09-23T22:49:47.035237,False,,,17.02,True
480,2026-09-23T22:49:47.064964,False,,,16.52,True
481,2026-09-23T22:49:47.099575,False,,,16.54,True
482,2026-09-23T22:49:47.141151,False,,,17.01,True
483,2026-09-23T22:49:47.171497,False,,,16.32,True
484,2026-09-23T22:49:47.203052,False,,,16.51,True
485,2026-09-23T22:49:47.235297,False,,,17.22,True
486,2026-09-23T22:49:47.265936,False,,,17.52,True
487,2026-09-23T22:49:47.297743,False,,,17.05,True
488,2026-09-23T22:49:47.328412,False,,,17.16,True
489,2026-09-23T22:49:47.372056,False,,,17.06,True
490,2026-09-23T22:49:47.406175,False,,,16.52,True
491,2026-09-23T22:49:47.437289,False,,,17.08,True
492,2026-09-23T22:49:47.467452,False,,,16.90,True
493,2026-09-23T22:49:47.499452,False,,,17.00,True
494,2026-09-23T22:49:47.529532,False,,,16.57,True
495,2026-09-23T22:49:47.563365,False,,,17.02,True
496,2026-09-23T22:49:47.590733,False,,,17.02,True
497,2026-09-23T22:49:47.627111,False,,,17.08,True
498,2026-09-23T22:49:47.666844,False,,,17.02,True
499,2026-09-23T22:49:47.700883,False,,,17.52,True
500,2026-09-23T22:49:47.729174,False,,,16.01,True
501,2026-09-23T22:49:47.769724,False,,,16.52,True
502,2026-09-23T22:49:47.807264,False,,,17.52,True
503,2026-09-23T22:49:47.838623,False,,,17.34,True
504,2026-09-23T22:49:47.866233,False,,,16.60,True
505,2026-09-23T22:49:47.899978,False,,,17.08,True
506,2026-09-23T22:49:47.929547,False,,,17.52,True
507,2026-09-23T22:49:47.963164,False,,,16.99,True
508,2026-09-23T22:49:47.989807,False,,,16.56,True
509,2026-09-23T22:49:48.027340,False,,,17.02,True
510,2026-09-23T22:49:48.054376,False,,,17.02,True
511,2026-09-23T22:49:48.107304,False,,,17.35,True
512,2026-09-23T22:49:48.147387,False,,,16.52,True
513,2026-09-23T22:49:48.178981,False,,,17.02,True
514,2026-09-23T22:49:48.210353,False,,,17.06,True
515,2026-09-23T22:49:48.243187,False,,,17.02,True
516,2026-09-23T22:49:48.271714,False,,,16.51,True
517,2026-09-23T22:49:48.304306,False,,,17.05,True
518,2026-09-23T22:49:48.336008,False,,,17.68,True
519,2026-09-23T22:49:48.366147,False,,,16.57,True
520,2026-09-23T22:49:48.397703,False,,,17.02,True
521,2026-09-23T22:49:48.428234,False,,,17.02,True
522,2026-09-23T22:49:48.459265,False,,,17.02,True
523,2026-09-23T22:49:48.507381,False,,,17.02,True
524,2026-09-23T22:49:48.537917,False,,,17.02,True
525,2026-09-23T22:49:48.572004,False,,,17.01,True
526,2026-09-23T22:49:48.601601,False,,,16.52,True
527,2026-09-23T22:49:48.635322,False,,,17.19,True
528,2026-09-23T22:49:48.661367,False,,,17.02,True
529,2026-09-23T22:49:48.699592,False,,,16.52,True
530,2026-09-23T22:49:48.740157,False,,,17.04,True
531,2026-09-23T22:49:48.772206,False,,,17.03,True
532,2026-09-23T22:49:48.806278,False,,,17.52,True
533,2026-09-23T22:49:48.843359,False,,,17.02,True
534,2026-09-23T22:49:48.880876,False,,,17.01,True
535,2026-09-23T22:49:48.911556,False,,,16.54,True
536,2026-09-23T22:49:48.945642,False,,,19.52,True
537,2026-09-23T22:49:48.973265,False,,,17.01,True
538,2026-09-23T22:49:49.005310,False,,,16.52,True
539,2026-09-23T22:49:49.037236,False,,,18.14,True
540,2026-09-23T22:49:49.068312,False,,,17.06,True
541,2026-09-23T22:49:49.099864,False,,,16.52,True
542,2026-09-23T22:49:49.129384,False,,,16.01,True
543,2026-09-23T22:49:49.162356,False,,,17.11,True
544,2026-09-23T22:49:49.191626,False,,,16.25,True
545,2026-09-23T22:49:49.243348,False,,,17.02,True
546,2026-09-23T22:49:49.286391,False,,,17.53,True
547,2026-09-23T22:49:49.316066,False,,,16.52,True
548,2026-09-23T22:49:49.347192,False,,,17.11,True
549,2026-09-23T22:49:49.377416,False,,,17.03,True
550,2026-09-23T22:49:49.406300,True,0.246,0.215,16.66,True
551,2026-09-23T22:49:49.440371,True,0.184,0.205,17.02,True
551,2026-09-23T22:49:49.440371,True,0.156,0.191,17.02,True
552,2026-09-23T22:49:49.467957,True,0.184,0.191,16.56,True
552,2026-09-23T22:49:49.467957,True,0.156,0.185,16.56,True
553,2026-09-23T22:49:49.499529,True,0.262,0.188,16.52,True
554,2026-09-23T22:49:49.531076,True,0.262,0.204,17.01,True
555,2026-09-23T22:49:49.579340,False,,,17.02,True
556,2026-09-23T22:49:49.609392,False,,,17.02,True
557,2026-09-23T22:49:49.643157,True,0.156,0.204,17.02,True
558,2026-09-23T22:49:49.671666,True,0.156,0.198,16.51,True
559,2026-09-23T22:49:49.705221,True,0.156,0.198,17.02,True
560,2026-09-23T22:49:49.735319,True,0.246,0.195,17.07,True
560,2026-09-23T22:49:49.735319,True,0.211,0.185,17.07,True
561,2026-09-23T22:49:49.767862,True,0.246,0.203,18.03,True
561,2026-09-23T22:49:49.767862,True,0.211,0.214,18.03,True
562,2026-09-23T22:49:49.807394,True,0.230,0.229,17.02,True
563,2026-09-23T22:49:49.845153,True,0.281,0.236,17.04,True
564,2026-09-23T22:49:49.877326,True,0.281,0.250,17.05,True
565,2026-09-23T22:49:49.909057,True,0.320,0.265,16.68,True
565,2026-09-23T22:49:49.909057,True,0.211,0.265,16.68,True
565,2026-09-23T22:49:49.909057,True,0.168,0.252,16.68,True
566,2026-09-23T22:49:49.940187,True,0.320,0.260,17.08,True
566,2026-09-23T22:49:49.941188,True,0.211,0.246,17.08,True
566,2026-09-23T22:49:49.941188,True,0.168,0.216,17.08,True
567,2026-09-23T22:49:49.979340,True,0.184,0.210,17.01,True
568,2026-09-23T22:49:50.016043,True,0.184,0.213,16.52,True
569,2026-09-23T22:49:50.047636,True,0.301,0.209,17.07,True
570,2026-09-23T22:49:50.079167,True,0.301,0.227,17.02,True
571,2026-09-23T22:49:50.111286,True,0.301,0.254,17.02,True
572,2026-09-23T22:49:50.142224,False,,,17.02,True
573,2026-09-23T22:49:50.174255,False,,,17.02,True
574,2026-09-23T22:49:50.206197,False,,,17.52,True
575,2026-09-23T22:49:50.235261,False,,,17.03,True
576,2026-09-23T22:49:50.265807,False,,,17.03,True
577,2026-09-23T22:49:50.313980,False,,,16.52,True
578,2026-09-23T22:49:50.343082,False,,,17.08,True
579,2026-09-23T22:49:50.379208,False,,,17.07,True
580,2026-09-23T22:49:50.421937,False,,,17.01,True
581,2026-09-23T22:49:50.451992,False,,,17.02,True
582,2026-09-23T22:49:50.480858,False,,,16.84,True
583,2026-09-23T22:49:50.513032,False,,,16.51,True
584,2026-09-23T22:49:50.545644,False,,,16.52,True
585,2026-09-23T22:49:50.574206,False,,,17.05,True
586,2026-09-23T22:49:50.605940,False,,,17.69,True
587,2026-09-23T22:49:50.639028,True,0.262,0.270,17.03,True
588,2026-09-23T22:49:50.668068,True,0.262,0.285,16.57,True
589,2026-09-23T22:49:50.715739,False,,,17.02,True
590,2026-09-23T22:49:50.746272,False,,,17.02,True
591,2026-09-23T22:49:50.779296,False,,,17.01,True
592,2026-09-23T22:49:50.808340,False,,,17.02,True
593,2026-09-23T22:49:50.838372,False,,,16.53,True
594,2026-09-23T22:49:50.871073,False,,,17.05,True
595,2026-09-23T22:49:50.899626,False,,,16.52,True
596,2026-09-23T22:49:50.930683,False,,,16.60,True
597,2026-09-23T22:49:50.962220,False,,,17.02,True
598,2026-09-23T22:49:50.994260,False,,,17.02,True
599,2026-09-23T22:49:51.035313,False,,,17.15,True
600,2026-09-23T22:49:51.072908,False,,,16.51,True
601,2026-09-23T22:49:51.116137,False,,,16.52,True
602,2026-09-23T22:49:51.151686,False,,,16.51,True
603,2026-09-23T22:49:51.185284,False,,,17.07,True
604,2026-09-23T22:49:51.213904,False,,,16.61,True
605,2026-09-23T22:49:51.245144,False,,,17.21,True
606,2026-09-23T22:49:51.276672,False,,,17.52,True
607,2026-09-23T22:49:51.306904,False,,,17.11,True
608,2026-09-23T22:49:51.340915,False,,,16.89,True
609,2026-09-23T22:49:51.373311,False,,,17.01,True
610,2026-09-23T22:49:51.414415,False,,,17.08,True
611,2026-09-23T22:49:51.451532,False,,,17.53,True
612,2026-09-23T22:49:51.491110,False,,,17.03,True
613,2026-09-23T22:49:51.525339,False,,,17.02,True
614,2026-09-23T22:49:51.556373,False,,,17.02,True
615,2026-09-23T22:49:51.588624,False,,,17.23,True
616,2026-09-23T22:49:51.617224,False,,,16.58,True
617,2026-09-23T22:49:51.647757,False,,,17.02,True
618,2026-09-23T22:49:51.679282,False,,,17.02,True
619,2026-09-23T22:49:51.710360,False,,,17.05,True
620,2026-09-23T22:49:51.744393,False,,,17.02,True
621,2026-09-23T22:49:51.773971,False,,,17.06,True
622,2026-09-23T22:49:51.806013,False,,,17.53,True
623,2026-09-23T22:49:51.852144,False,,,17.01,True
624,2026-09-23T22:49:51.884271,False,,,17.02,True
625,2026-09-23T22:49:51.916354,False,,,16.56,True
626,2026-09-23T22:49:51.947882,False,,,17.02,True
627,2026-09-23T22:49:51.978590,False,,,17.20,True
628,2026-09-23T22:49:52.009139,False,,,17.01,True
629,2026-09-23T22:49:52.041252,False,,,17.02,True
630,2026-09-23T22:49:52.073329,False,,,17.01,True
631,2026-09-23T22:49:52.105375,False,,,16.52,True
632,2026-09-23T22:49:52.133113,False,,,17.03,True
633,2026-09-23T22:49:52.165219,False,,,17.54,True
634,2026-09-23T22:49:52.195315,False,,,17.03,True
635,2026-09-23T22:49:52.251881,False,,,16.51,True
636,2026-09-23T22:49:52.291176,False,,,18.12,True
637,2026-09-23T22:49:52.324326,False,,,18.04,True
638,2026-09-23T22:49:52.351917,False,,,17.01,True
639,2026-09-23T22:49:52.384081,False,,,16.52,True
640,2026-09-23T22:49:52.417038,False,,,19.52,True
641,2026-09-23T22:49:52.443214,False,,,17.01,True
642,2026-09-23T22:49:52.474313,False,,,17.02,True
643,2026-09-23T22:49:52.506410,False,,,17.08,True
644,2026-09-23T22:49:52.540177,False,,,17.08,True
645,2026-09-23T22:49:52.567259,False,,,16.57,True
646,2026-09-23T22:49:52.597542,False,,,16.59,True
647,2026-09-23T22:49:52.652121,False,,,17.01,True
648,2026-09-23T22:49:52.688195,False,,,16.02,True
649,2026-09-23T22:49:52.721725,False,,,16.51,True
650,2026-09-23T22:49:52.751753,False,,,16.51,True
651,2026-09-23T22:49:52.784291,False,,,17.02,True
652,2026-09-23T22:49:52.815871,False,,,16.52,True
653,2026-09-23T22:49:52.846279,False,,,16.44,True
654,2026-09-23T22:49:52.881983,False,,,20.03,True
655,2026-09-23T22:49:52.909075,False,,,17.07,True
656,2026-09-23T22:49:52.941604,False,,,17.01,True
657,2026-09-23T22:49:52.972131,False,,,17.01,True
658,2026-09-23T22:49:53.006784,False,,,16.63,True
659,2026-09-23T22:49:53.034171,False,,,17.02,True
660,2026-09-23T22:49:53.065696,False,,,16.51,True
661,2026-09-23T22:49:53.097730,False,,,17.03,True
662,2026-09-23T22:49:53.128264,False,,,17.02,True
663,2026-09-23T22:49:53.159300,False,,,17.02,True
664,2026-09-23T22:49:53.190867,False,,,16.51,True
665,2026-09-23T22:49:53.223941,False,,,17.02,True
666,2026-09-23T22:49:53.250475,True,0.168,0.259,16.46,True
666,2026-09-23T22:49:53.250475,True,0.156,0.230,16.46,True
667,2026-09-23T22:49:53.285234,True,0.168,0.203,17.02,True
667,2026-09-23T22:49:53.285234,True,0.156,0.182,17.02,True
668,2026-09-23T22:49:53.324378,False,,,17.02,True
669,2026-09-23T22:49:53.358047,False,,,17.12,True
670,2026-09-23T22:49:53.390614,False,,,16.51,True
671,2026-09-23T22:49:53.423648,False,,,16.51,True
672,2026-09-23T22:49:53.458181,False,,,16.52,True
673,2026-09-23T22:49:53.500507,False,,,17.30,True
674,2026-09-23T22:49:53.530546,False,,,16.53,True
675,2026-09-23T22:49:53.564085,False,,,19.02,True
676,2026-09-23T22:49:53.597717,False,,,17.03,True
677,2026-09-23T22:49:53.641944,False,,,17.01,True
678,2026-09-23T22:49:53.685230,False,,,17.24,True
679,2026-09-23T22:49:53.711352,False,,,17.01,True
680,2026-09-23T22:49:53.744387,False,,,17.03,True
681,2026-09-23T22:49:53.776314,False,,,17.02,True
682,2026-09-23T22:49:53.806394,False,,,17.07,True
683,2026-09-23T22:49:53.838118,False,,,17.03,True
684,2026-09-23T22:49:53.866668,False,,,17.02,True
685,2026-09-23T22:49:53.897753,False,,,17.08,True
686,2026-09-23T22:49:53.929368,False,,,17.06,True
687,2026-09-23T22:49:53.960493,False,,,17.11,True
688,2026-09-23T22:49:53.990892,False,,,16.52,True
689,2026-09-23T22:49:54.021942,False,,,17.01,True
690,2026-09-23T22:49:54.059196,False,,,17.06,True
691,2026-09-23T22:49:54.101851,False,,,16.61,True
692,2026-09-23T22:49:54.133378,False,,,16.01,True
693,2026-09-23T22:49:54.163330,False,,,16.94,True
694,2026-09-23T22:49:54.196006,False,,,16.65,True
695,2026-09-23T22:49:54.225537,False,,,16.52,True
696,2026-09-23T22:49:54.258185,False,,,17.04,True
697,2026-09-23T22:49:54.290428,False,,,16.01,True
698,2026-09-23T22:49:54.318464,False,,,17.02,True
699,2026-09-23T22:49:54.350640,False,,,17.02,True
700,2026-09-23T22:49:54.395211,True,0.363,0.202,17.03,True
701,2026-09-23T22:49:54.429261,True,0.363,0.241,17.04,True
702,2026-09-23T22:49:54.461315,True,0.184,0.247,17.03,True
703,2026-09-23T22:49:54.491854,True,0.184,0.250,16.52,True
704,2026-09-23T22:49:54.524171,True,0.262,0.271,17.04,True
704,2026-09-23T22:49:54.524171,True,0.246,0.248,17.04,True
705,2026-09-23T22:49:54.556151,True,0.262,0.227,16.97,True
705,2026-09-23T22:49:54.556151,True,0.246,0.240,16.97,True
706,2026-09-23T22:49:54.591778,True,0.211,0.245,16.52,True
706,2026-09-23T22:49:54.591778,True,0.156,0.224,16.52,True
707,2026-09-23T22:49:54.628613,True,0.211,0.217,16.53,True
707,2026-09-23T22:49:54.628613,True,0.156,0.196,16.53,True
708,2026-09-23T22:49:54.659086,True,0.246,0.196,17.08,True
708,2026-09-23T22:49:54.659086,True,0.168,0.188,17.08,True
709,2026-09-23T22:49:54.689150,True,0.246,0.205,16.04,True
709,2026-09-23T22:49:54.689150,True,0.168,0.197,16.04,True
710,2026-09-23T22:49:54.724205,True,0.281,0.222,17.03,True
711,2026-09-23T22:49:54.756239,True,0.281,0.229,17.02,True
712,2026-09-23T22:49:54.794281,True,0.230,0.241,17.03,True
713,2026-09-23T22:49:54.831994,True,0.230,0.238,17.01,True
714,2026-09-23T22:49:54.863178,True,0.211,0.247,17.01,True
715,2026-09-23T22:49:54.893940,True,0.211,0.233,17.54,True
716,2026-09-23T22:49:54.923966,True,0.363,0.249,17.02,True
717,2026-09-23T22:49:54.954967,True,0.363,0.276,17.04,True
718,2026-09-23T22:49:54.990192,True,0.168,0.263,17.02,True
719,2026-09-23T22:49:55.018685,True,0.168,0.255,17.17,True
720,2026-09-23T22:49:55.051720,True,0.344,0.281,16.51,True
721,2026-09-23T22:49:55.080815,True,0.344,0.277,16.58,True
722,2026-09-23T22:49:55.130501,True,0.230,0.251,17.06,True
722,2026-09-23T22:49:55.130501,True,0.184,0.254,17.06,True
722,2026-09-23T22:49:55.130501,True,0.168,0.254,17.06,True
723,2026-09-23T22:49:55.160077,True,0.230,0.231,17.07,True
723,2026-09-23T22:49:55.160077,True,0.184,0.199,17.07,True
723,2026-09-23T22:49:55.160077,True,0.168,0.187,17.07,True
724,2026-09-23T22:49:55.195180,True,0.184,0.187,17.03,True
725,2026-09-23T22:49:55.221952,True,0.184,0.190,17.01,True
726,2026-09-23T22:49:55.259036,False,,,17.04,True
727,2026-09-23T22:49:55.300120,False,,,17.01,True
728,2026-09-23T22:49:55.329183,False,,,16.03,True
729,2026-09-23T22:49:55.358324,False,,,16.61,True
730,2026-09-23T22:49:55.392360,False,,,17.01,True
731,2026-09-23T22:49:55.423464,False,,,16.55,True
732,2026-09-23T22:49:55.457608,False,,,17.53,True
733,2026-09-23T22:49:55.485134,False,,,16.52,True
734,2026-09-23T22:49:55.530745,False,,,16.58,True
735,2026-09-23T22:49:55.563904,False,,,16.63,True
736,2026-09-23T22:49:55.595024,False,,,17.09,True
737,2026-09-23T22:49:55.626054,False,,,17.02,True
738,2026-09-23T22:49:55.658586,False,,,16.52,True
739,2026-09-23T22:49:55.701487,False,,,16.29,True
740,2026-09-23T22:49:55.733057,False,,,17.04,True
741,2026-09-23T22:49:55.764180,False,,,16.56,True
742,2026-09-23T22:49:55.795230,False,,,17.02,True
743,2026-09-23T22:49:55.828282,False,,,17.04,True
744,2026-09-23T22:49:55.862315,False,,,19.01,True
745,2026-09-23T22:49:55.890354,False,,,17.02,True
746,2026-09-23T22:49:55.930717,True,0.168,0.177,17.55,True
746,2026-09-23T22:49:55.930717,True,0.168,0.174,17.55,True
747,2026-09-23T22:49:55.968729,True,0.168,0.174,16.53,True
747,2026-09-23T22:49:55.968729,True,0.168,0.171,16.53,True
748,2026-09-23T22:49:55.999772,False,,,16.52,True
749,2026-09-23T22:49:56.030794,False,,,17.52,True
750,2026-09-23T22:49:56.064857,True,0.301,0.195,17.02,True
751,2026-09-23T22:49:56.094385,True,0.301,0.221,17.02,True
752,2026-09-23T22:49:56.125928,True,0.211,0.230,17.02,True
753,2026-09-23T22:49:56.158161,True,0.211,0.238,17.22,True
754,2026-09-23T22:49:56.190014,False,,,16.01,True
755,2026-09-23T22:49:56.218557,False,,,17.02,True
756,2026-09-23T22:49:56.266999,True,0.211,0.247,16.91,True
757,2026-09-23T22:49:56.295548,True,0.211,0.229,17.52,True
758,2026-09-23T22:49:56.331648,False,,,17.52,True
759,2026-09-23T22:49:56.374079,False,,,17.08,True
760,2026-09-23T22:49:56.406608,False,,,17.52,True
761,2026-09-23T22:49:56.441135,False,,,18.01,True
762,2026-09-23T22:49:56.481888,False,,,17.02,True
763,2026-09-23T22:49:56.515314,False,,,18.08,True
764,2026-09-23T22:49:56.545348,True,0.199,0.209,18.02,True
765,2026-09-23T22:49:56.575386,True,0.199,0.206,17.02,True
766,2026-09-23T22:49:56.610204,False,,,17.02,True
767,2026-09-23T22:49:56.651802,False,,,16.51,True
768,2026-09-23T22:49:56.684361,False,,,18.03,True
769,2026-09-23T22:49:56.712375,False,,,17.51,True
770,2026-09-23T22:49:56.745012,False,,,18.53,True
771,2026-09-23T22:49:56.774545,False,,,17.51,True
772,2026-09-23T22:49:56.806393,True,0.168,0.198,18.28,True
772,2026-09-23T22:49:56.806393,True,0.156,0.187,18.28,True
773,2026-09-23T22:49:56.838008,True,0.168,0.178,18.04,True
773,2026-09-23T22:49:56.838008,True,0.156,0.170,18.04,True
774,2026-09-23T22:49:56.869332,True,0.168,0.163,17.79,True
775,2026-09-23T22:49:56.901417,True,0.168,0.163,18.07,True
776,2026-09-23T22:49:56.931463,True,0.168,0.166,17.52,True
776,2026-09-23T22:49:56.931463,True,0.168,0.166,17.52,True
777,2026-09-23T22:49:56.962093,True,0.168,0.168,18.01,True
777,2026-09-23T22:49:56.962093,True,0.168,0.168,18.01,True
778,2026-09-23T22:49:57.004743,True,0.387,0.212,19.57,True
779,2026-09-23T22:49:57.043739,True,0.387,0.255,20.53,True
780,2026-09-23T22:49:57.086347,False,,,17.52,True
781,2026-09-23T22:49:57.118639,False,,,18.07,True
782,2026-09-23T22:49:57.151411,True,0.301,0.282,18.25,True
783,2026-09-23T22:49:57.179450,True,0.301,0.309,17.52,True
784,2026-09-23T22:49:57.210990,False,,,18.02,True
785,2026-09-23T22:49:57.241079,False,,,18.02,True
786,2026-09-23T22:49:57.271874,False,,,17.52,True
787,2026-09-23T22:49:57.303270,False,,,17.87,True
788,2026-09-23T22:49:57.331823,False,,,17.52,True
789,2026-09-23T22:49:57.362982,False,,,17.01,True
790,2026-09-23T22:49:57.405116,False,,,18.04,True
791,2026-09-23T22:49:57.439168,False,,,17.52,True
792,2026-09-23T22:49:57.472138,False,,,17.06,True
793,2026-09-23T22:49:57.502002,False,,,17.90,True
794,2026-09-23T22:49:57.536073,False,,,17.52,True
795,2026-09-23T22:49:57.566132,False,,,18.52,True
796,2026-09-23T22:49:57.596187,False,,,18.03,True
797,2026-09-23T22:49:57.625301,False,,,18.02,True
798,2026-09-23T22:49:57.660126,False,,,17.81,True
799,2026-09-23T22:49:57.688293,False,,,17.90,True
800,2026-09-23T22:49:57.739117,False,,,17.14,True
801,2026-09-23T22:49:57.766354,False,,,18.08,True
802,2026-09-23T22:49:57.804919,False,,,17.52,True
803,2026-09-23T22:49:57.844264,False,,,18.16,True
804,2026-09-23T22:49:57.875043,False,,,18.08,True
805,2026-09-23T22:49:57.907084,False,,,18.02,True
806,2026-09-23T22:49:57.936208,False,,,18.08,True
807,2026-09-23T22:49:57.968828,False,,,17.55,True
808,2026-09-23T22:49:58.001857,False,,,17.52,True
809,2026-09-23T22:49:58.030889,False,,,17.02,True
810,2026-09-23T22:49:58.071863,False,,,23.03,True
811,2026-09-23T22:49:58.107013,False,,,17.63,True
812,2026-09-23T22:49:58.138999,False,,,17.62,True
813,2026-09-23T22:49:58.169049,False,,,17.52,True
814,2026-09-23T22:49:58.204352,False,,,17.24,True
815,2026-09-23T22:49:58.247309,False,,,17.93,True
816,2026-09-23T22:49:58.277320,False,,,18.03,True
817,2026-09-23T22:49:58.306985,False,,,17.65,True
818,2026-09-23T22:49:58.338837,False,,,18.22,True
819,2026-09-23T22:49:58.372086,False,,,20.74,True
820,2026-09-23T22:49:58.400620,False,,,17.52,True
821,2026-09-23T22:49:58.431702,False,,,17.52,True
822,2026-09-23T22:49:58.475249,False,,,18.02,True
823,2026-09-23T22:49:58.510389,False,,,18.13,True
824,2026-09-23T22:49:58.543155,False,,,19.02,True
825,2026-09-23T22:49:58.572972,False,,,18.01,True
826,2026-09-23T22:49:58.605107,False,,,18.04,True
827,2026-09-23T22:49:58.636270,False,,,18.05,True
828,2026-09-23T22:49:58.667875,False,,,17.53,True
829,2026-09-23T22:49:58.697627,False,,,17.96,True
830,2026-09-23T22:49:58.733296,False,,,17.54,True
831,2026-09-23T22:49:58.776362,False,,,18.02,True
832,2026-09-23T22:49:58.808223,False,,,18.53,True
833,2026-09-23T22:49:58.839085,False,,,18.12,True
834,2026-09-23T22:49:58.876987,False,,,18.02,True
835,2026-09-23T22:49:58.915085,False,,,18.63,True
836,2026-09-23T22:49:58.945455,False,,,18.35,True
837,2026-09-23T22:49:58.975059,False,,,18.06,True
838,2026-09-23T22:49:59.007455,False,,,18.38,True
839,2026-09-23T22:49:59.038978,True,0.184,0.312,18.08,True
840,2026-09-23T22:49:59.067074,False,,,17.52,True
841,2026-09-23T22:49:59.100627,False,,,17.52,True
842,2026-09-23T22:49:59.131676,False,,,17.52,True
843,2026-09-23T22:49:59.162201,False,,,18.01,True
844,2026-09-23T22:49:59.212283,False,,,17.01,True
845,2026-09-23T22:49:59.240328,False,,,17.52,True
846,2026-09-23T22:49:59.275411,False,,,17.02,True
847,2026-09-23T22:49:59.305593,False,,,17.52,True
848,2026-09-23T22:49:59.334802,False,,,18.20,True
849,2026-09-23T22:49:59.361951,False,,,18.58,True
850,2026-09-23T22:49:59.390915,False,,,18.02,True
851,2026-09-23T22:49:59.419245,False,,,18.03,True
852,2026-09-23T22:49:59.467881,False,,,17.55,True
853,2026-09-23T22:49:59.505450,False,,,19.52,True
854,2026-09-23T22:49:59.534036,False,,,17.57,True
855,2026-09-23T22:49:59.566876,False,,,18.02,True
856,2026-09-23T22:49:59.609901,False,,,16.59,True
857,2026-09-23T22:49:59.645194,False,,,17.53,True
858,2026-09-23T22:49:59.677259,False,,,19.02,True
859,2026-09-23T22:49:59.706290,False,,,17.02,True
860,2026-09-23T22:49:59.739341,False,,,17.02,True
861,2026-09-23T22:49:59.768707,True,0.156,0.266,17.02,True
862,2026-09-23T22:49:59.797739,True,0.156,0.220,17.02,True
863,2026-09-23T22:49:59.828277,True,0.301,0.220,17.03,True
863,2026-09-23T22:49:59.828277,True,0.184,0.196,17.03,True
864,2026-09-23T22:49:59.868811,False,,,18.02,True
865,2026-09-23T22:49:59.906349,False,,,17.02,True
866,2026-09-23T22:49:59.947753,False,,,17.02,True
867,2026-09-23T22:49:59.983005,False,,,17.51,True
868,2026-09-23T22:50:00.013087,False,,,17.01,True
869,2026-09-23T22:50:00.044192,False,,,18.02,True
870,2026-09-23T22:50:00.074099,False,,,16.85,True
871,2026-09-23T22:50:00.106205,False,,,17.10,True
872,2026-09-23T22:50:00.139275,False,,,17.02,True
873,2026-09-23T22:50:00.170278,False,,,17.01,True
874,2026-09-23T22:50:00.203335,False,,,18.02,True
875,2026-09-23T22:50:00.231870,False,,,17.02,True
876,2026-09-23T22:50:00.268749,False,,,17.02,True
877,2026-09-23T22:50:00.310306,False,,,17.04,True
878,2026-09-23T22:50:00.347393,False,,,16.54,True
879,2026-09-23T22:50:00.388349,False,,,17.04,True
880,2026-09-23T22:50:00.419889,False,,,16.53,True
881,2026-09-23T22:50:00.451254,False,,,17.07,True
882,2026-09-23T22:50:00.481842,False,,,17.52,True
883,2026-09-23T22:50:00.513975,False,,,17.62,True
884,2026-09-23T22:50:00.543499,False,,,17.01,True
885,2026-09-23T22:50:00.574521,False,,,17.52,True
886,2026-09-23T22:50:00.603603,False,,,16.51,True
887,2026-09-23T22:50:00.634175,False,,,17.02,True
888,2026-09-23T22:50:00.669814,True,0.230,0.205,19.53,True
888,2026-09-23T22:50:00.669814,True,0.184,0.211,19.53,True
889,2026-09-23T22:50:00.698213,True,0.230,0.226,17.39,True
889,2026-09-23T22:50:00.698213,True,0.184,0.202,17.39,True
890,2026-09-23T22:50:00.747808,True,0.301,0.226,17.02,True
890,2026-09-23T22:50:00.747808,True,0.168,0.213,17.02,True
891,2026-09-23T22:50:00.776383,True,0.301,0.237,17.07,True
891,2026-09-23T22:50:00.776383,True,0.168,0.224,17.07,True
892,2026-09-23T22:50:00.811353,True,0.281,0.244,17.02,True
893,2026-09-23T22:50:00.838388,True,0.281,0.240,17.53,True
894,2026-09-23T22:50:00.868247,True,0.281,0.263,17.03,True
895,2026-09-23T22:50:00.898255,True,0.281,0.259,16.72,True
896,2026-09-23T22:50:00.930805,True,0.281,0.281,17.52,True
897,2026-09-23T22:50:00.963177,True,0.230,0.271,16.86,True
897,2026-09-23T22:50:00.963177,True,0.168,0.248,16.86,True
898,2026-09-23T22:50:00.993351,True,0.230,0.238,17.02,True
898,2026-09-23T22:50:00.993351,True,0.168,0.216,17.02,True
899,2026-09-23T22:50:01.023655,True,0.262,0.212,17.24,True
899,2026-09-23T22:50:01.023655,True,0.199,0.205,17.24,True
900,2026-09-23T22:50:01.081906,False,,,16.55,True
901,2026-09-23T22:50:01.117140,False,,,16.52,True
902,2026-09-23T22:50:01.147602,False,,,17.09,True
903,2026-09-23T22:50:01.179176,False,,,17.07,True
904,2026-09-23T22:50:01.210259,False,,,17.07,True
905,2026-09-23T22:50:01.241333,True,0.199,0.212,17.01,True
906,2026-09-23T22:50:01.274249,True,0.199,0.205,17.02,True
907,2026-09-23T22:50:01.304279,False,,,17.02,True
908,2026-09-23T22:50:01.335465,False,,,17.13,True
909,2026-09-23T22:50:01.364909,False,,,17.57,True
910,2026-09-23T22:50:01.395968,False,,,16.02,True
911,2026-09-23T22:50:01.428045,False,,,17.07,True
912,2026-09-23T22:50:01.484217,False,,,16.52,True
913,2026-09-23T22:50:01.521593,False,,,16.35,True
914,2026-09-23T22:50:01.554148,False,,,17.04,True
915,2026-09-23T22:50:01.585258,False,,,17.02,True
916,2026-09-23T22:50:01.618796,False,,,17.52,True
917,2026-09-23T22:50:01.649825,False,,,16.52,True
918,2026-09-23T22:50:01.679348,False,,,16.02,True
919,2026-09-23T22:50:01.710391,False,,,17.02,True
920,2026-09-23T22:50:01.740937,False,,,17.01,True
921,2026-09-23T22:50:01.774119,False,,,17.14,True
922,2026-09-23T22:50:01.806337,False,,,17.20,True
923,2026-09-23T22:50:01.836384,True,0.199,0.212,17.53,True
924,2026-09-23T22:50:01.883946,True,0.281,0.216,17.51,True
925,2026-09-23T22:50:01.915492,True,0.281,0.232,17.02,True
926,2026-09-23T22:50:01.946106,True,0.281,0.248,17.10,True
927,2026-09-23T22:50:01.987209,False,,,17.52,True
928,2026-09-23T22:50:02.023261,False,,,16.51,True
929,2026-09-23T22:50:02.055242,False,,,17.96,True
930,2026-09-23T22:50:02.087302,False,,,18.54,True
931,2026-09-23T22:50:02.118760,False,,,18.04,True
932,2026-09-23T22:50:02.147814,False,,,18.54,True
933,2026-09-23T22:50:02.183718,True,0.406,0.290,21.38,True
934,2026-09-23T22:50:02.224259,True,0.406,0.331,17.01,True
935,2026-09-23T22:50:02.257286,False,,,17.02,True
936,2026-09-23T22:50:02.287381,False,,,17.53,True
937,2026-09-23T22:50:02.317678,False,,,17.78,True
938,2026-09-23T22:50:02.351225,False,,,18.03,True
939,2026-09-23T22:50:02.381807,True,0.184,0.312,18.56,True
940,2026-09-23T22:50:02.412341,True,0.184,0.292,18.01,True
941,2026-09-23T22:50:02.443379,True,0.184,0.273,18.02,True
942,2026-09-23T22:50:02.479307,True,0.184,0.228,22.05,True
943,2026-09-23T22:50:02.519859,True,0.246,0.196,18.52,True
944,2026-09-23T22:50:02.550888,True,0.246,0.209,17.52,True
945,2026-09-23T22:50:02.581685,False,,,17.01,True
946,2026-09-23T22:50:02.612234,False,,,18.01,True
947,2026-09-23T22:50:02.645304,False,,,18.02,True
948,2026-09-23T22:50:02.676088,False,,,17.08,True
949,2026-09-23T22:50:02.707120,False,,,18.02,True
950,2026-09-23T22:50:02.738158,False,,,18.52,True
951,2026-09-23T22:50:02.767752,False,,,17.53,True
952,2026-09-23T22:50:02.800790,False,,,17.53,True
953,2026-09-23T22:50:02.831866,False,,,17.55,True
954,2026-09-23T22:50:02.861955,False,,,17.57,True
955,2026-09-23T22:50:02.892893,False,,,18.49,True
956,2026-09-23T22:50:02.923500,False,,,17.58,True
957,2026-09-23T22:50:02.957113,False,,,18.05,True
958,2026-09-23T22:50:02.991351,False,,,20.72,True
959,2026-09-23T22:50:03.034051,False,,,18.52,True
960,2026-09-23T22:50:03.064150,False,,,18.07,True
961,2026-09-23T22:50:03.096186,False,,,18.03,True
962,2026-09-23T22:50:03.127335,False,,,18.13,True
963,2026-09-23T22:50:03.159364,False,,,18.02,True
964,2026-09-23T22:50:03.189394,False,,,17.53,True
965,2026-09-23T22:50:03.220949,False,,,18.04,True
966,2026-09-23T22:50:03.251515,False,,,17.24,True
967,2026-09-23T22:50:03.291606,False,,,17.53,True
968,2026-09-23T22:50:03.329203,False,,,18.08,True
969,2026-09-23T22:50:03.361018,False,,,18.74,True
970,2026-09-23T22:50:03.391692,False,,,17.61,True
971,2026-09-23T22:50:03.424297,False,,,18.02,True
972,2026-09-23T22:50:03.457971,False,,,18.65,True
973,2026-09-23T22:50:03.488527,False,,,18.52,True
974,2026-09-23T22:50:03.520078,False,,,17.54,True
975,2026-09-23T22:50:03.548723,False,,,18.03,True
976,2026-09-23T22:50:03.579256,False,,,18.03,True
977,2026-09-23T22:50:03.610966,False,,,17.66,True
978,2026-09-23T22:50:03.640030,False,,,17.05,True
979,2026-09-23T22:50:03.691747,False,,,17.54,True
980,2026-09-23T22:50:03.720458,False,,,18.18,True
981,2026-09-23T22:50:03.756165,False,,,18.04,True
982,2026-09-23T22:50:03.797213,False,,,18.05,True
983,2026-09-23T22:50:03.824569,True,0.199,0.212,17.51,True
984,2026-09-23T22:50:03.857325,True,0.199,0.215,18.02,True
985,2026-09-23T22:50:03.889495,False,,,18.03,True
986,2026-09-23T22:50:03.919543,False,,,18.04,True
987,2026-09-23T22:50:03.951083,False,,,18.03,True
988,2026-09-23T22:50:03.981687,False,,,17.55,True
989,2026-09-23T22:50:04.027583,False,,,17.55,True
990,2026-09-23T22:50:04.060277,False,,,17.01,True
991,2026-09-23T22:50:04.103122,False,,,17.51,True
992,2026-09-23T22:50:04.134149,False,,,18.02,True
993,2026-09-23T22:50:04.163218,False,,,17.00,True
994,2026-09-23T22:50:04.195298,False,,,18.03,True
995,2026-09-23T22:50:04.225363,False,,,17.53,True
996,2026-09-23T22:50:04.257241,False,,,17.86,True
997,2026-09-23T22:50:04.287275,False,,,17.53,True
998,2026-09-23T22:50:04.316272,False,,,17.54,True
999,2026-09-23T22:50:04.347588,False,,,16.73,True
1000,2026-09-23T22:50:04.379115,False,,,17.02,True
1001,2026-09-23T22:50:04.427166,False,,,17.02,True
1002,2026-09-23T22:50:04.454317,False,,,17.14,True
1003,2026-09-23T22:50:04.490343,False,,,17.02,True
1004,2026-09-23T22:50:04.518262,False,,,16.62,True
1005,2026-09-23T22:50:04.554321,False,,,17.02,True
1006,2026-09-23T22:50:04.594358,False,,,17.02,True
1007,2026-09-23T22:50:04.626266,False,,,17.06,True
1008,2026-09-23T22:50:04.656304,False,,,17.02,True
1009,2026-09-23T22:50:04.687027,False,,,16.52,True
1010,2026-09-23T22:50:04.719155,False,,,16.52,True
1011,2026-09-23T22:50:04.747861,False,,,17.03,True
1012,2026-09-23T22:50:04.779876,False,,,17.51,True
1013,2026-09-23T22:50:04.827336,False,,,17.02,True
1014,2026-09-23T22:50:04.856370,False,,,17.02,True
1015,2026-09-23T22:50:04.891127,False,,,17.02,True
1016,2026-09-23T22:50:04.916912,False,,,16.69,True
1017,2026-09-23T22:50:04.955278,False,,,17.03,True
1018,2026-09-23T22:50:04.995372,False,,,17.02,True
1019,2026-09-23T22:50:05.026140,False,,,16.74,True
1020,2026-09-23T22:50:05.058171,False,,,17.02,True
1021,2026-09-23T22:50:05.088386,False,,,17.04,True
1022,2026-09-23T22:50:05.119519,False,,,16.52,True
1023,2026-09-23T22:50:05.163098,False,,,17.01,True
1024,2026-09-23T22:50:05.198844,False,,,17.95,True
1025,2026-09-23T22:50:05.228376,True,0.246,0.227,17.03,True
1026,2026-09-23T22:50:05.260338,True,0.246,0.227,17.45,True
1027,2026-09-23T22:50:05.290365,True,0.211,0.220,17.02,True
1028,2026-09-23T22:50:05.321997,True,0.211,0.223,17.05,True
1029,2026-09-23T22:50:05.356232,False,,,16.59,True
1030,2026-09-23T22:50:05.384272,False,,,17.02,True
1031,2026-09-23T22:50:05.418810,False,,,17.02,True
1032,2026-09-23T22:50:05.446334,False,,,17.02,True
1033,2026-09-23T22:50:05.483250,False,,,17.02,True
1034,2026-09-23T22:50:05.524287,False,,,17.02,True
1035,2026-09-23T22:50:05.563087,False,,,16.78,True
1036,2026-09-23T22:50:05.601496,False,,,16.51,True
1037,2026-09-23T22:50:05.632038,False,,,18.02,True
1038,2026-09-23T22:50:05.661594,False,,,17.01,True
1039,2026-09-23T22:50:05.694127,True,0.156,0.214,17.02,True
1040,2026-09-23T22:50:05.724150,True,0.156,0.196,17.01,True
1041,2026-09-23T22:50:05.756185,True,0.246,0.196,17.02,True
1042,2026-09-23T22:50:05.787216,True,0.246,0.203,16.52,True
1043,2026-09-23T22:50:05.818304,True,0.199,0.201,16.56,True
1044,2026-09-23T22:50:05.851881,True,0.199,0.209,16.51,True
1045,2026-09-23T22:50:05.899733,False,,,17.56,True
1046,2026-09-23T22:50:05.929266,False,,,17.02,True
1047,2026-09-23T22:50:05.963317,False,,,17.02,True
1048,2026-09-23T22:50:05.990365,False,,,17.02,True
1049,2026-09-23T22:50:06.027235,False,,,17.02,True
1050,2026-09-23T22:50:06.064774,False,,,17.01,True
1051,2026-09-23T22:50:06.097813,False,,,17.03,True
1052,2026-09-23T22:50:06.129351,False,,,16.02,True
1053,2026-09-23T22:50:06.160378,False,,,16.51,True
1054,2026-09-23T22:50:06.192198,False,,,16.51,True
1055,2026-09-23T22:50:06.223214,False,,,17.01,True
1056,2026-09-23T22:50:06.256252,False,,,17.02,True
1057,2026-09-23T22:50:06.300822,False,,,17.52,True
1058,2026-09-23T22:50:06.335359,False,,,17.52,True
1059,2026-09-23T22:50:06.367011,False,,,17.52,True
1060,2026-09-23T22:50:06.397239,False,,,16.36,True
1061,2026-09-23T22:50:06.430785,False,,,19.53,True
1062,2026-09-23T22:50:06.459320,False,,,17.02,True
1063,2026-09-23T22:50:06.490356,False,,,17.02,True
1064,2026-09-23T22:50:06.521951,False,,,17.01,True
1065,2026-09-23T22:50:06.556082,False,,,17.06,True
1066,2026-09-23T22:50:06.584161,False,,,17.07,True
1067,2026-09-23T22:50:06.635252,False,,,17.02,True
1068,2026-09-23T22:50:06.675925,False,,,16.52,True
1069,2026-09-23T22:50:06.707984,True,0.184,0.215,17.05,True
1069,2026-09-23T22:50:06.707984,True,0.184,0.202,17.05,True
1070,2026-09-23T22:50:06.738537,True,0.184,0.190,16.52,True
1070,2026-09-23T22:50:06.738537,True,0.184,0.187,16.52,True
1071,2026-09-23T22:50:06.770110,True,0.156,0.178,17.06,True
1072,2026-09-23T22:50:06.801699,True,0.156,0.173,16.51,True
1073,2026-09-23T22:50:06.831845,True,0.246,0.185,16.52,True
1074,2026-09-23T22:50:06.863374,True,0.246,0.198,17.01,True
1075,2026-09-23T22:50:06.895125,False,,,16.72,True
1076,2026-09-23T22:50:06.926182,False,,,17.52,True
1077,2026-09-23T22:50:06.956235,False,,,17.04,True
1078,2026-09-23T22:50:06.987274,False,,,16.53,True
1079,2026-09-23T22:50:07.034979,False,,,16.52,True
1080,2026-09-23T22:50:07.066802,False,,,16.58,True
1081,2026-09-23T22:50:07.099834,False,,,16.52,True
1082,2026-09-23T22:50:07.128366,False,,,17.03,True
1083,2026-09-23T22:50:07.163118,True,0.156,0.192,16.74,True
1084,2026-09-23T22:50:07.206241,True,0.156,0.192,17.10,True
1085,2026-09-23T22:50:07.235295,False,,,17.03,True
1086,2026-09-23T22:50:07.267334,False,,,17.52,True
1087,2026-09-23T22:50:07.297599,False,,,17.05,True
1088,2026-09-23T22:50:07.329622,False,,,17.52,True
1089,2026-09-23T22:50:07.370604,False,,,16.51,True
1090,2026-09-23T22:50:07.406144,False,,,17.02,True
1091,2026-09-23T22:50:07.439363,False,,,17.02,True
1092,2026-09-23T22:50:07.474253,False,,,17.29,True
1093,2026-09-23T22:50:07.516006,False,,,17.55,True
1094,2026-09-23T22:50:07.545394,False,,,16.36,True
1095,2026-09-23T22:50:07.578494,True,0.281,0.217,19.53,True
1096,2026-09-23T22:50:07.608043,True,0.281,0.224,17.52,True
1097,2026-09-23T22:50:07.641179,False,,,17.01,True
1098,2026-09-23T22:50:07.673247,False,,,17.01,True
1099,2026-09-23T22:50:07.701777,False,,,16.52,True
1100,2026-09-23T22:50:07.731852,False,,,17.52,True
1101,2026-09-23T22:50:07.771411,False,,,17.02,True
1102,2026-09-23T22:50:07.811216,False,,,17.01,True
1103,2026-09-23T22:50:07.841286,False,,,17.02,True
1104,2026-09-23T22:50:07.874048,False,,,17.10,True
1105,2026-09-23T22:50:07.906150,False,,,17.09,True
1106,2026-09-23T22:50:07.934458,False,,,17.52,True
1107,2026-09-23T22:50:07.989038,False,,,17.52,True
1108,2026-09-23T22:50:08.029606,False,,,16.54,True
1109,2026-09-23T22:50:08.060317,False,,,17.02,True
1110,2026-09-23T22:50:08.090364,False,,,17.08,True
1111,2026-09-23T22:50:08.127265,False,,,17.52,True
1112,2026-09-23T22:50:08.201632,False,,,43.26,True
1113,2026-09-23T22:50:08.318860,False,,,50.05,True
1114,2026-09-23T22:50:08.442059,False,,,51.06,True
1115,2026-09-23T22:50:08.577358,False,,,45.60,True
1116,2026-09-23T22:50:08.717089,False,,,46.73,True
1117,2026-09-23T22:50:08.856363,False,,,58.09,True
1118,2026-09-23T22:50:08.979284,False,,,44.13,True
1119,2026-09-23T22:50:09.097344,False,,,38.08,True
1120,2026-09-23T22:50:09.220954,False,,,52.73,True
1121,2026-09-23T22:50:09.353118,False,,,60.01,True
1122,2026-09-23T22:50:09.493153,False,,,61.31,True
1123,2026-09-23T22:50:09.613975,False,,,27.74,True
1124,2026-09-23T22:50:09.731187,False,,,50.54,True
1125,2026-09-23T22:50:09.861126,False,,,57.09,True
1126,2026-09-23T22:50:09.980954,False,,,52.74,True
1127,2026-09-23T22:50:10.121456,False,,,52.78,True
1128,2026-09-23T22:50:10.235123,False,,,55.12,True
1129,2026-09-23T22:50:10.354270,False,,,51.37,True
1130,2026-09-23T22:50:10.476325,False,,,46.98,True
1131,2026-09-23T22:50:10.623974,False,,,71.72,True
1132,2026-09-23T22:50:10.738014,False,,,54.69,True
1133,2026-09-23T22:50:10.871331,False,,,53.18,True
1134,2026-09-23T22:50:10.971278,False,,,46.12,True
1135,2026-09-23T22:50:11.076084,False,,,42.09,True
1136,2026-09-23T22:50:11.188378,False,,,44.14,True
1137,2026-09-23T22:50:11.328364,False,,,57.23,True
1138,2026-09-23T22:50:11.440180,False,,,45.79,True
1139,2026-09-23T22:50:11.574308,False,,,54.44,True
1140,2026-09-23T22:50:11.704266,False,,,58.10,True
1141,2026-09-23T22:50:11.846609,False,,,47.08,True
1142,2026-09-23T22:50:11.960340,False,,,51.57,True
1143,2026-09-23T22:50:12.110116,False,,,77.48,True
1144,2026-09-23T22:50:12.233379,False,,,47.01,True
1145,2026-09-23T22:50:12.387356,False,,,76.36,True
1146,2026-09-23T22:50:12.536174,False,,,85.74,True
1147,2026-09-23T22:50:12.679114,False,,,55.88,True
1148,2026-09-23T22:50:12.794318,False,,,48.22,True
1149,2026-09-23T22:50:12.925207,False,,,53.58,True
1150,2026-09-23T22:50:13.047439,False,,,51.16,True
1151,2026-09-23T22:50:13.154000,False,,,36.09,True
1152,2026-09-23T22:50:13.268082,False,,,55.90,True
1153,2026-09-23T22:50:13.418333,False,,,63.39,True
1154,2026-09-23T22:50:13.545614,False,,,52.38,True
1155,2026-09-23T22:50:13.679084,False,,,63.94,True
1156,2026-09-23T22:50:13.804189,False,,,48.73,True
1157,2026-09-23T22:50:13.933418,False,,,54.56,True
1158,2026-09-23T22:50:14.057310,False,,,51.29,True
1159,2026-09-23T22:50:14.185133,False,,,56.75,True
1160,2026-09-23T22:50:14.268825,False,,,31.55,True
1161,2026-09-23T22:50:14.397376,False,,,48.79,True
1162,2026-09-23T22:50:14.505056,False,,,49.80,True
1163,2026-09-23T22:50:14.635265,False,,,55.93,True
1164,2026-09-23T22:50:14.735374,False,,,45.06,True
1165,2026-09-23T22:50:14.849275,False,,,18.57,True
1166,2026-09-23T22:50:14.963864,False,,,54.66,True
1167,2026-09-23T22:50:15.080761,False,,,50.12,True
1168,2026-09-23T22:50:15.212094,False,,,52.12,True
1169,2026-09-23T22:50:15.338127,False,,,57.21,True
1170,2026-09-23T22:50:15.478466,False,,,56.29,True
1171,2026-09-23T22:50:15.620235,False,,,58.18,True
1172,2026-09-23T22:50:15.729304,False,,,56.30,True
1173,2026-09-23T22:50:15.842198,False,,,59.10,True
1174,2026-09-23T22:50:15.927009,False,,,18.55,True
1175,2026-09-23T22:50:16.057975,False,,,55.51,True
1176,2026-09-23T22:50:16.186222,False,,,60.07,True
1177,2026-09-23T22:50:16.307295,False,,,54.64,True
1178,2026-09-23T22:50:16.418171,False,,,57.32,True
1179,2026-09-23T22:50:16.524315,False,,,39.95,True
1180,2026-09-23T22:50:16.638023,False,,,60.73,True
1181,2026-09-23T22:50:16.760339,False,,,44.15,True
1182,2026-09-23T22:50:16.892917,False,,,64.84,True
1183,2026-09-23T22:50:17.017629,False,,,50.72,True
1184,2026-09-23T22:50:17.144151,False,,,52.15,True
1185,2026-09-23T22:50:17.277038,False,,,57.89,True
1186,2026-09-23T22:50:17.377028,False,,,46.80,True
1187,2026-09-23T22:50:17.506051,False,,,53.59,True
1188,2026-09-23T22:50:17.636971,False,,,60.85,True
1189,2026-09-23T22:50:17.768931,False,,,52.83,True
1190,2026-09-23T22:50:17.860969,False,,,22.03,True
1191,2026-09-23T22:50:17.969157,False,,,50.57,True
1192,2026-09-23T22:50:18.099584,False,,,54.33,True
1193,2026-09-23T22:50:18.210974,False,,,43.07,True
1194,2026-09-23T22:50:18.344431,False,,,51.25,True
1195,2026-09-23T22:50:18.486325,False,,,53.39,True
1196,2026-09-23T22:50:18.595207,False,,,22.03,True
1197,2026-09-23T22:50:18.624425,False,,,18.02,True
1198,2026-09-23T22:50:18.659952,False,,,17.02,True
1199,2026-09-23T22:50:18.693023,False,,,18.01,True
1200,2026-09-23T22:50:18.724829,False,,,17.70,True
1201,2026-09-23T22:50:18.759198,False,,,18.03,True
1202,2026-09-23T22:50:18.803261,False,,,18.02,True
1203,2026-09-23T22:50:18.876001,False,,,17.03,True
1204,2026-09-23T22:50:18.909529,False,,,17.52,True
1205,2026-09-23T22:50:18.942126,False,,,18.01,True
1206,2026-09-23T22:50:18.972268,False,,,18.02,True
1207,2026-09-23T22:50:19.002969,False,,,17.68,True
1208,2026-09-23T22:50:19.034434,False,,,17.41,True
1209,2026-09-23T22:50:19.067015,False,,,17.57,True
1210,2026-09-23T22:50:19.096623,False,,,17.53,True
1211,2026-09-23T22:50:19.133000,False,,,18.01,True
1212,2026-09-23T22:50:19.174141,False,,,17.08,True
1213,2026-09-23T22:50:19.209174,True,0.199,0.215,17.02,True
1214,2026-09-23T22:50:19.236247,True,0.199,0.223,17.02,True
1215,2026-09-23T22:50:19.277008,False,,,18.04,True
1216,2026-09-23T22:50:19.315115,False,,,17.52,True
1217,2026-09-23T22:50:19.341141,False,,,17.01,True
1218,2026-09-23T22:50:19.376280,False,,,17.10,True
1219,2026-09-23T22:50:19.408017,False,,,17.72,True
1220,2026-09-23T22:50:19.442065,False,,,18.01,True
1221,2026-09-23T22:50:19.469151,True,0.184,0.229,17.55,True
1222,2026-09-23T22:50:19.503200,True,0.184,0.209,18.02,True
1223,2026-09-23T22:50:19.533228,False,,,17.51,True
1224,2026-09-23T22:50:19.564865,False,,,17.62,True
1225,2026-09-23T22:50:19.612353,False,,,17.53,True
1226,2026-09-23T22:50:19.643404,False,,,17.52,True
1227,2026-09-23T22:50:19.700274,True,0.230,0.199,18.22,True
1228,2026-09-23T22:50:19.738374,True,0.230,0.205,18.07,True
1229,2026-09-23T22:50:19.768005,True,0.230,0.212,17.56,True
1230,2026-09-23T22:50:19.798136,False,,,17.52,True
1231,2026-09-23T22:50:19.829287,False,,,17.10,True
1232,2026-09-23T22:50:19.860369,False,,,17.07,True
1233,2026-09-23T22:50:19.892928,False,,,17.51,True
1234,2026-09-23T22:50:19.924968,False,,,18.03,True
1235,2026-09-23T22:50:19.980611,False,,,17.57,True
1236,2026-09-23T22:50:20.017461,False,,,17.83,True
1237,2026-09-23T22:50:20.046514,False,,,17.55,True
1238,2026-09-23T22:50:20.076868,False,,,17.04,True
1239,2026-09-23T22:50:20.142121,False,,,17.01,True
1240,2026-09-23T22:50:20.174209,False,,,17.03,True
1241,2026-09-23T22:50:20.215853,False,,,17.51,True
1242,2026-09-23T22:50:20.267474,False,,,16.75,True
1243,2026-09-23T22:50:20.309629,False,,,17.64,True
